headline,category,content,url
Burza wokół programu Sablewskiej. Doda ma teorię. 'Ktoś robi to za nią!',yapping,"- stwierdziła. Później wokalistka miała dla menedżerki pewną poradę. Program czasami polega na tym, że robią coś za ciebie, a ty jesteś tylko czegoś twarzą. (...) Maja ma taki styl, w którym nie s","https://www.plotek.pl/plotek/7,154063,31552487,widzowie-psiocza-na-metamorfozy-z-programu-sablewskiej-doda.html"
Jakub Rzeźniczak poruszony śmiercią byłej partnerki. Dodał wpis,yapping,,"https://www.plotek.pl/plotek/7,154063,31552875,jakub-rzezniczak-poruszony-smiercia-bylej-partnerki-zlozyl.html"
Sandra Kubicka nie zamierzała tego ukrywać. 'Pękające serce z tęsknoty...',yapping,Sandra Kubicka i Aleksander Baron jakiś czas temu powitali na świecie syna. Leonard przyszedł na świat przed planowanym terminem. Modelka szybko odnalazła się w roli matki i zaangażowała w pełni w rod,"https://www.plotek.pl/plotek/7,154063,31552507,sandra-kubicka-nie-zamierza-tego-ukrywac-pekajace-serce-z.html"
"Wprost zapytali Rozenek, ile przeszła operacji plastycznych, a tu... zonk. Ten wywiad to hit!",yapping,"Małgorzata Rozenek 17 grudnia stawiła się w Dzień dobry TVN, a obok niej na kanapie zasiadł chirurg plastyczny dr  Marek Szczyt. Celebrytka i lekarz pojawili się w śniadaniówce, by udzielić wywiadu,","https://www.plotek.pl/plotek/7,154063,31552236,wprost-zapytali-rozenek-ile-przeszla-operacji-plastycznych.html"
Ewelina Ślotała nie żyje. Dawna partnerka Rzeźniczaka miała 35 lat,yapping,Ewelina Ślotała jako jedna z nielicznych byłych partnerek Jakuba Rzeźniczaka wypowiadała się na jego temat w pozytywny sposób. Tym samym zdobyła rozgłos w mediach. Zasłynęła również jako autorka książ,"https://www.plotek.pl/plotek/7,154063,31552532,ewelina-slotala-nie-zyje-dawna-partnerka-rzezniczaka-miala.html"
Grała małą Basię w 'M jak miłość'. Teraz ma 19 lat i zmieniła się nie do poznania,yapping,"Gabriela Raczyńska w wieku ośmiu lat dołączyła do jednego z kultowych seriali, w którym dała się poznać jako rezolutna Basia, co było dobrym ruchem w karierze aktorskiej. Na przesłuchanie do M jak mi","https://www.plotek.pl/plotek/7,154063,31552027,grala-osmioletnia-basie-w-m-jak-milosc-teraz-ma-19-lat-i.html"
"Paulla chciała targnąć się na swoje życie. Gdy zobaczyła syna, zdecydowała się sięgnąć po pomoc",yapping,"Coraz więcej gwiazd mówi głośno o tym, że chorują na depresję. W ten sposób starają się oswoić tę chorobę i zachęcić inne zmagające się z nią osoby, aby nie obawiały się zwracać po pomoc. O niełatwych","https://www.plotek.pl/plotek/7,154063,31552065,paulla-chciala-targnac-sie-na-swoje-zycie-dokladnie-pamieta.html"
Lewandowski 'przyłapany' w tle nagrań Anny. Jego mina hitem internetu,yapping,"Anna Lewandowska uwielbia, kiedy twarz jest rozświetlona za pomocą makijażu. Używa nie tylko kremu z drobinkami, ale także rozświetlającego bronzera. Poza kremami stawia na dobre kosmetyki kolorowe, k","https://www.plotek.pl/plotek/7,154063,31551504,lewandowska-prezentowala-fanom-glow-make-up-wtem-pojawil-sie.html"
Andrzej Piaseczny w ostatniej chwili odwołał koncerty. Fani załamani: Czekamy od sierpnia,yapping,Andrzej Piaseczny od lat aktywnie koncertuje i wciąż cieszy się dużą sympatią Polaków. W grudniu jeździ po całej Polsce ze świąteczną serią Jeszcze zanim Święta. Aura najwyraźniej mu nie sprzyja. We,"https://www.plotek.pl/plotek/7,154063,31551948,a-jednak-andrzej-piaseczny-w-ostatniej-chwili-odwolal-koncerty.html"
"Unika rozgłosu, media o niej milczą. Wagner słyszała, że nie dostaje ról przez wygląd",yapping,"Agnieszka Wagner rozpoczęła filmową karierę jeszcze w latach 80. jako nastolatka. Jej talentem i urodą cała Polska zachwyciła się zwłaszcza po filmie Pożegnanie z Marią z 1993 roku, w którym zagrała","https://www.plotek.pl/plotek/7,154063,31551538,unika-rozglosu-media-o-niej-milcza-wagner-slyszala-ze-nie.html"
Nie żyje gwiazda 'Przystanku Alaska'. Miała 67 lat,yapping,"Diane Delano miała imponującą filmografię, ale największą popularność przeniósł jej ukochany przez Polaków serial Przystanek Alaska, w którym wcielała się w postać twardej policjantki Barbary Semans","https://www.plotek.pl/plotek/7,154063,31551839,nie-zyje-diane-delano-polacy-pokochali-ja-za-role-w-popularnym.html"
Agnieszka Woźniak-Starak nie miała skrupułów. Zakaz? Zaparkowała i poszła na zakupy,yapping,"Coraz głośniej jest o tym, że niektóre gwiazdy świadomie na drogach łamią prawo, czując się niejako ponad nim. Wystarczy przypomnieć przypadek Klaudii El Dursi, która na autostradzie A2 sunęła pasem a","https://www.plotek.pl/plotek/7,154063,31551209,wozniak-starak-przylapana-na-lamaniu-przepisow-oj-nieladnie.html"
"Ekspertka ujawnia, co gwiazdy robią w gabinetach. Wylicza długą listę zabiegów u Lewej i Górniak",yapping,"Medycyna estetyczna staje się coraz powszechniejsza, a jej rozwój sprawia, że wykonania niektórych zabiegów niemal nie da się dostrzec okiem laika. Wiele osób wciąż ciekawi jednak, co robią celebrytki","https://www.plotek.pl/plotek/7,154063,31551167,ekspertka-widzi-ten-sam-zabieg-u-lewej-i-gorniak-a-u-dudy.html"
Pogrzeb Stanisława Tyma. Wśród żałobników Materna i Fedorowicz,yapping,"Aktor zmarł 6 grudnia, a smutna wiadomość wstrząsnęła polskim show-biznesem. Aktor miał 87 lat. Do ostatnich chwil pozostawał aktywny zawodowo. Niestety długotrwała choroba odcisnęła swoje piętno. Uro","https://www.plotek.pl/plotek/7,154063,31551080,tlum-gwiazd-na-pogrzebie-stanislawa-tyma-nie-spelniono-ostatniej.html"
Baba od polskiego o imieniu syna Hakiela. Nietypowe? Mało powiedziane [PLOTEK EXCLUSIVE],yapping,"Marcin Hakiel i jego ukochana Dominika Serowska 4 grudnia pochwalili się w mediach społecznościowych, że na świat przyszedł ich syn. Para nie podała wówczas, jakie imię wybrała dla chłopca. Pod fotogr","https://www.plotek.pl/plotek/7,154063,31550893,syn-hakielow-ma-nietypowe-imie-w-tym-roku-dostalo-je-tylko.html"
Szokujące wyznanie Igora Herbuta. 'Gaśnie we mnie ta iskra',yapping,"Igor Herbut urodził się 17 grudnia i z racji urodzin podsumował pewien okres w życiu w social mediach. Jego wpis nie należy do typowych, jakie gwiazdy mają w zwyczaju prezentować na urodziny. Muzyk do","https://www.plotek.pl/plotek/7,154063,31550990,szokujace-wyznanie-igora-herbuta-gasnie-we-mnie-ta-iskra.html"
Górniak kolędowała ze Steczkowską i wyszła z niej diwa. Gwiazdy zniesmaczone,yapping,"Jak co roku polskie gwiazdy wyjechały do USA, by wziąć udział w koncercie kolęd i wystąpić przed Polonią. Do sieci wyciekł fragment nagrania z wydarzenia. W oczy od razu rzuca się zachowanie Edyty Gór","https://www.plotek.pl/plotek/7,154063,31550784,zenujace-zachowanie-edyty-gorniak-wszystko-sie-nagralo.html"
"Tragedia Joanny Moro, pieniądze przepadły. 'Budzisz się niemal bez niczego'",yapping,"Jak podaje Super Express, Joanna Moro ma poważne kłopoty finansowe. Aktorka jakiś czas temu zainwestowała duże pieniądze w pożyczkę inwestorską. Moro przekazała jednak, że mężczyzna, któremu powierz","https://www.plotek.pl/plotek/7,154063,31550856,tragedia-joanny-moro-pieniadze-przepadly-budzisz-sie-niemal.html"
Chorosińska pogratulowała Nowakowskiej. Prezenterkę trafił szlag,yapping,"Ida Nowakowska od 2015 roku jest żoną  Jacka Herndona, a para wychowuje trzyletniego dziś syna. Nowakowska, która z show-biznesem związana jest od wielu lat, jest także bardzo aktywna w mediach społec","https://www.plotek.pl/plotek/7,154063,31550781,chorosinska-gratuluje-nowakowskiej-ciazy-prezenterka-sie.html"
"Agata Duda organizuje konkurs. Hola, hola, rodacy. Trzeba spełnić dwa warunki",yapping,"Agata Duda sprawuje funkcję pierwszej damy już dziewiąty rok z rzędu. W tym okresie pojawiało się wiele głosów, jakoby żona głowy państwa nie była zaangażowana w swoją rolę i rzadko zabierała głos w j","https://www.plotek.pl/plotek/7,154063,31550444,agata-duda-organizuje-konkurs-chcecie-sie-zglosic-hola-hola.html"
"Przykre wieści na temat dzieci Barbary Sienkiewicz. Posłanka ujawniła, jak spędzą święta",yapping,"Barbara Sienkiewicz została okrzyknięta najstarszą matką w Polsce. Aktorka, która zdecydowała się na dojrzałe macierzyństwo, zmarła w wieku 69 lat 7 czerwca 2024 roku. Kobieta zapisała w testamencie","https://www.plotek.pl/plotek/7,154063,31550454,smutne-wiesci-na-temat-dzieci-barbary-sienkiewicz-tak-spedza.html"
Katarzyna Cichopek świętuje 11. urodziny córki. Na tort nie poskąpiła,yapping,"4 grudnia Marcin Hakiel i Dominika Serowska dumnie poinformowali w mediach społecznościowych, że na świecie pojawił się Romeo. Szczęśliwi rodzice dzielą się pierwszymi wspólnymi chwilami z synem w sie","https://www.plotek.pl/plotek/7,154063,31550511,katarzyna-cichopek-swietuje-nastoletniosc-corki-tort-robi-wrazenie.html"
Internauci grzmią o krzywdzie syna Hakiela. Dominika zamknęła usta krytykom,yapping,"Marcin Hakiel i Dominika Serowska od jakiegoś czasu są razem. Para nie stroni od mediów, gdzie chętnie opowiadają o związku. Nie brakuje ich również w sieci. Niedawno na świecie pojawiło się pierwsze","https://www.plotek.pl/plotek/7,154063,31550241,internauci-grzmia-o-krzywdzie-syna-hakiela-dominika-zamknela.html"
Sawicka z powrotem mieszka u byłego męża. Mówi o ustalonych warunkach,yapping,"Agata Sawicka i Wojtek Sawicki tworzyli jedną z bardzo lubianych par w internecie. Wielu podziwiało związek influencerki i jej byłego już partnera, który zmaga się z dystrofią mięśniową Duchenne'a. Ic","https://www.plotek.pl/plotek/7,154063,31550032,dlaczego-sawicka-znow-zamieszkala-z-bylym-postanowila-wyjasnic.html"
Aktywista LGBT+ wygrał w sądzie z TVP. Doczekał się długich przeprosin,yapping,"Telewizją Polską przez lata zarządzał Jacek Kurski, który został jej prezesem w 2016 roku. Aż do 2022 roku mogliśmy obserwować zmiany, które zachodziły u państwowego nadawcy. Nie dało się ukryć, że pr","https://www.plotek.pl/plotek/7,154063,31550275,aktywista-lgbt-wygral-w-sadzie-z-tvp-doczekal-sie-dlugich.html"
Maja Hyży zmaga się z koszmarnym bólem. To nie koniec problemów po wyjściu ze szpitala,yapping,"Maja Hyży jest bardzo aktywna w mediach społecznościowych, gdzie chętnie pokazuje ujęcia z życia prywatnego. Niedawno piosenkarka poinformowała fanów, że musiała przejść poważną operację biodra. Tym r","https://www.plotek.pl/plotek/7,154063,31550099,maja-hyzy-zmaga-sie-z-koszmarnym-bolem-to-nie-koniec-problemow.html"
To będzie hit! Doda współpracuje z byłymi partnerami. Obnażą całą prawdę,yapping,"Doda wie, że produkcje z jej osobą cieszą się ogromnym zainteresowaniem. Razem z Amazon Prime Video pracuje nad filmem o swoim życiu i karierze, w którym nie zabraknie prywaty. Artystka postanowiła wr","https://www.plotek.pl/plotek/7,154063,31549464,doda-kreci-dokument-o-sobie-w-ktory-zaangazowala-eks-chcialam.html"
Dorota Wellman z zaskakującym wyznaniem. Jest gotowa na najgorsze,yapping,"Codziennie dochodzą do nas niepokojące informacje z krajów ogarniętych konfliktami. Dorota Wellman śledzi sytuację na bieżąco i jest przygotowana na każdy scenariusz. Wierzę, że będzie dobrze, a gdyb","https://www.plotek.pl/plotek/7,154063,31549733,szokujace-slowa-doroty-wellman-jest-gotowa-na-najgorsze.html"
"Erotyczne opowiadania o Trzaskowskim. Po nich oczu kąpiel. 'Przejechałam dłonią po jego mięśniach brzucha, a on...'",yapping,"Co łączy postaci ze świata Harry'ego Pottera, Quebonafide, Taco Hemingwaya oraz Rafała Trzaskowskiego? Wszyscy oni zostali bohaterami fanfików, a więc amatorskich utworów, których autorami zazwyczaj s","https://www.plotek.pl/plotek/7,154063,31548148,erotyczne-opowiadania-o-trzaskowskim-a-po-nich-oczu-kapiel.html"
"To przesądziło. Kaczorowska wyjawiła, kiedy podjęła decyzję o rozstaniu z Pelą",yapping,"Na początku października w mediach pojawiła się wiadomość o rozstaniu Agnieszki Kaczorowskiej i Macieja Peli. I choć małżonkowie z początku milczeli, ostatecznie oboje potwierdzili te wieść podczas wi","https://www.plotek.pl/plotek/7,154063,31549471,kaczorowska-wyjawila-kiedy-podjela-decyzje-o-rozstaniu-z-pela.html"
"Kubicka pod kroplówką, a Baron chwycił za telefon. Zaczął się tłumaczyć",yapping,"Sandra Kubicka niedawno poinformowała fanów, że ostatnie dni były dla niej wyjątkowo trudne. Modelka musiała pogodzić nadzorowanie budowy domu z chorobą. Jak sama podkreśliła, zjadła coś, czego nie po","https://www.plotek.pl/plotek/7,154063,31549721,kubicka-pod-kroplowka-a-baron-sie-tlumaczy-budowa-proba.html"
"Kurier DPD rozpakował świąteczny prezent i się rozczarował. Niebywałe, co dostał",yapping,"Do świąt Bożego Narodzenia pozostał niewiele ponad tydzień. To czas kiedy wiele firm decyduje się obdarować swoich pracowników upominkami. Ostatnio pracownicy ochoczo dzielą się w sieci prezentami, kt","https://www.plotek.pl/plotek/7,154063,31548935,kurier-dpd-narzeka-na-swiateczna-paczke-internauci-szybko-postawili.html"
Syn Górniak nie chce nosić nazwiska żadnego z rodziców. Takich słów chyba nikt się nie spodziewał,yapping,"Edyta Górniak i Dariusz Krupa mają razem syna Allana. 20-latek poszedł w ślady sławnych rodziców. Nie da się ukryć, że ma bardzo dobry kontakt z mamą. Tego nie można powiedzieć jednak o jego tacie. -","https://www.plotek.pl/plotek/7,154063,31548885,syn-gorniak-nie-chce-nosic-nazwiska-zadnego-z-rodzicow-takich.html"
"Wiedzieliście, kim jest brat Weroniki Rosati? Niebywałe, czym zajmuje się 51-latek",yapping,"Weronika Rosati dała się poznać jako utalentowana aktorka. Również jej rodzina zyskała dużą popularność. Rodzice celebrytki to Teresa i Dariusz Rosati. Mama aktorki zajmuje się modą, zaś jej tata poli","https://www.plotek.pl/plotek/7,154063,31548547,brat-weroniki-rosati-tez-jest-popularny-malo-kto-wie-czym.html"
"Rozenek wydaje 28 tys. zł na syna. Wszystko po to, by dołączył do 8 proc. Polaków",yapping,"Małgorzata Rozenek-Majdan i Radosław Majdan są rodzicami czteroletniego Henryka. Nie da się ukryć, że chłopiec jest oczkiem w głowie pary. Zdjęcia i nagrania z synem pojawiają się w mediach społecznoś","https://www.plotek.pl/plotek/7,154063,31548150,rozenek-wydaje-28-tys-rocznie-na-syna-chce-aby-zdobyl-umiejetnosc.html"
Magdalena Biejat nie przypomina dawnej siebie. Tak kiedyś wyglądała kandydatka Lewicy,yapping,"Od jakiegoś czasu spekulowano na temat tego, kto będzie reprezentować Lewicę w wyborach prezydenckich. Najczęściej stawiano na ministerkę ds. rodziny Agnieszkę Dziemianowicz-Bąk i ministerkę ds. równo","https://www.plotek.pl/plotek/7,154063,31547849,magdalena-biejat-nie-przypomina-dawnej-siebie-tak-kiedys-wygladala.html"
Trzaskowski zakpił z Andrzeja Dudy. Wszyscy to usłyszeli,yapping,"Rafał Trzaskowski od lat jest aktywny w mediach społecznościowych, ale teraz od kiedy kandyduje w wyborach prezydenckich, publikuje jeszcze więcej treści na X. Teraz polityk postanowił zaspokoić cieka","https://www.plotek.pl/plotek/7,154063,31547728,trzaskowski-mowil-o-serniku-wtem-zakpil-z-andrzeja-dudy-moze.html"
Wesołowska urodziła cztery miesiące temu. Pokazała najnowsze zdjęcie syna,yapping,Kuba Wesołowski największą popularność zyskał dzięki roli Igora Nowaka w uwielbianym przez widzów serialu Na wspólnej. Aktor od lat jest w związku małżeńskim z Agnieszką. Para w 2016 roku powitała n,"https://www.plotek.pl/plotek/7,154063,31547737,syn-kuby-wesolowskiego-ma-juz-cztery-miesiace-tak-dzis-wyglada.html"
"Najpierw zrezygnowała z nazwiska męża, a teraz to. Emilia Komarnicka nie owija w bawełnę",yapping,Jakiś czas temu Emilia Komarnicka przestała używać nazwiska męża i wróciła publicznie do panieńskiego. To rozpętało prawdziwą burzę w mediach. W sieci pojawiły się plotki o kryzysie w jej małżeństwie,"https://www.plotek.pl/plotek/7,154063,31547666,najpierw-zrezygnowala-z-nazwiska-meza-a-teraz-to-emilia-komarnicka.html"
Kubicka trafiła pod kroplówkę. Co w tym czasie robił Baron?,yapping,"Sandra Kubicka ostatnie dni przeżyła jako koszmar. Nadzorowała przeprowadzkę do nowego domu, a w tym samym czasie się rozchorowała. Poinformowała fanów na Instagramie, że zmaga się z zatruciem pokarmo","https://www.plotek.pl/plotek/7,154063,31547663,kubicka-trafila-pod-kroplowke-co-w-tym-czasie-robil-baron.html"
Quiz wiedzy o polskich artystkach. Komplet tylko dla prawdziwych fanów,yapping,"Error scraping URL: Message: no such element: Unable to locate element: {""method"":""css selector"",""selector"":""[id=""gazeta_article_body""]""}
  (Session info: chrome=131.0.6778.140); For documentation on this error, please visit: https://www.selenium.dev/documentation/webdriver/troubleshooting/errors#no-such-element-exception
Stacktrace:
	GetHandleVerifier [0x002C34A3+25059]
	(No symbol) [0x0024CEA4]
	(No symbol) [0x0012BEC3]
	(No symbol) [0x0016FD86]
	(No symbol) [0x0016FFCB]
	(No symbol) [0x001AD952]
	(No symbol) [0x00191F44]
	(No symbol) [0x001AB51E]
	(No symbol) [0x00191C96]
	(No symbol) [0x00163FAC]
	(No symbol) [0x00164F3D]
	GetHandleVerifier [0x005B5613+3113811]
	GetHandleVerifier [0x005CA2DA+3199002]
	GetHandleVerifier [0x005C2AB2+3168242]
	GetHandleVerifier [0x00363310+680016]
	(No symbol) [0x002557ED]
	(No symbol) [0x00252A98]
	(No symbol) [0x00252C35]
	(No symbol) [0x00245890]
	BaseThreadInitThunk [0x7684FCC9+25]
	RtlGetAppContainerNamedObjectPath [0x7777809E+286]
	RtlGetAppContainerNamedObjectPath [0x7777806E+238]
	(No symbol) [0x00000000]
","https://www.plotek.pl/plotek/13,154581,23940,plotkarski-quiz-wiedzy-o-polskich-artystkach-komplet.html"
"Amanci polskiego kina. Quiz sprawdzi, czy rozpoznasz ich na zdjęciach",yapping,"Error scraping URL: Message: no such element: Unable to locate element: {""method"":""css selector"",""selector"":""[id=""gazeta_article_body""]""}
  (Session info: chrome=131.0.6778.140); For documentation on this error, please visit: https://www.selenium.dev/documentation/webdriver/troubleshooting/errors#no-such-element-exception
Stacktrace:
	GetHandleVerifier [0x002C34A3+25059]
	(No symbol) [0x0024CEA4]
	(No symbol) [0x0012BEC3]
	(No symbol) [0x0016FD86]
	(No symbol) [0x0016FFCB]
	(No symbol) [0x001AD952]
	(No symbol) [0x00191F44]
	(No symbol) [0x001AB51E]
	(No symbol) [0x00191C96]
	(No symbol) [0x00163FAC]
	(No symbol) [0x00164F3D]
	GetHandleVerifier [0x005B5613+3113811]
	GetHandleVerifier [0x005CA2DA+3199002]
	GetHandleVerifier [0x005C2AB2+3168242]
	GetHandleVerifier [0x00363310+680016]
	(No symbol) [0x002557ED]
	(No symbol) [0x00252A98]
	(No symbol) [0x00252C35]
	(No symbol) [0x00245890]
	BaseThreadInitThunk [0x7684FCC9+25]
	RtlGetAppContainerNamedObjectPath [0x7777809E+286]
	RtlGetAppContainerNamedObjectPath [0x7777806E+238]
	(No symbol) [0x00000000]
","https://www.plotek.pl/plotek/13,154581,16217,najwieksi-amanci-w-historii-polskiego-kina-rozpoznasz-ich.html"
Czy dopasujesz piosenkę do wykonawcy? Quiz dla fanów polskiej muzyki!,yapping,"Error scraping URL: Message: no such element: Unable to locate element: {""method"":""css selector"",""selector"":""[id=""gazeta_article_body""]""}
  (Session info: chrome=131.0.6778.140); For documentation on this error, please visit: https://www.selenium.dev/documentation/webdriver/troubleshooting/errors#no-such-element-exception
Stacktrace:
	GetHandleVerifier [0x002C34A3+25059]
	(No symbol) [0x0024CEA4]
	(No symbol) [0x0012BEC3]
	(No symbol) [0x0016FD86]
	(No symbol) [0x0016FFCB]
	(No symbol) [0x001AD952]
	(No symbol) [0x00191F44]
	(No symbol) [0x001AB51E]
	(No symbol) [0x00191C96]
	(No symbol) [0x00163FAC]
	(No symbol) [0x00164F3D]
	GetHandleVerifier [0x005B5613+3113811]
	GetHandleVerifier [0x005CA2DA+3199002]
	GetHandleVerifier [0x005C2AB2+3168242]
	GetHandleVerifier [0x00363310+680016]
	(No symbol) [0x002557ED]
	(No symbol) [0x00252A98]
	(No symbol) [0x00252C35]
	(No symbol) [0x00245890]
	BaseThreadInitThunk [0x7684FCC9+25]
	RtlGetAppContainerNamedObjectPath [0x7777809E+286]
	RtlGetAppContainerNamedObjectPath [0x7777806E+238]
	(No symbol) [0x00000000]
","https://www.plotek.pl/plotek/13,154581,23877,czy-dopasujesz-poprawnie-piosenke-do-wykonawcy-to-trudny.html"
"To znane aktorki PRL-u! Wiesz, w których produkcjach NIE wystąpiły?",yapping,"Error scraping URL: Message: no such element: Unable to locate element: {""method"":""css selector"",""selector"":""[id=""gazeta_article_body""]""}
  (Session info: chrome=131.0.6778.140); For documentation on this error, please visit: https://www.selenium.dev/documentation/webdriver/troubleshooting/errors#no-such-element-exception
Stacktrace:
	GetHandleVerifier [0x002C34A3+25059]
	(No symbol) [0x0024CEA4]
	(No symbol) [0x0012BEC3]
	(No symbol) [0x0016FD86]
	(No symbol) [0x0016FFCB]
	(No symbol) [0x001AD952]
	(No symbol) [0x00191F44]
	(No symbol) [0x001AB51E]
	(No symbol) [0x00191C96]
	(No symbol) [0x00163FAC]
	(No symbol) [0x00164F3D]
	GetHandleVerifier [0x005B5613+3113811]
	GetHandleVerifier [0x005CA2DA+3199002]
	GetHandleVerifier [0x005C2AB2+3168242]
	GetHandleVerifier [0x00363310+680016]
	(No symbol) [0x002557ED]
	(No symbol) [0x00252A98]
	(No symbol) [0x00252C35]
	(No symbol) [0x00245890]
	BaseThreadInitThunk [0x7684FCC9+25]
	RtlGetAppContainerNamedObjectPath [0x7777809E+286]
	RtlGetAppContainerNamedObjectPath [0x7777806E+238]
	(No symbol) [0x00000000]
","https://www.plotek.pl/plotek/13,154581,20083,urodziles-sie-w-czasach-prl-u-to-na-bank-kojarzysz-te.html"
"Myślisz, że znasz prawdziwe imiona gwiazd? Ten quiz może cię zaskoczyć!",yapping,"Error scraping URL: Message: no such element: Unable to locate element: {""method"":""css selector"",""selector"":""[id=""gazeta_article_body""]""}
  (Session info: chrome=131.0.6778.140); For documentation on this error, please visit: https://www.selenium.dev/documentation/webdriver/troubleshooting/errors#no-such-element-exception
Stacktrace:
	GetHandleVerifier [0x002C34A3+25059]
	(No symbol) [0x0024CEA4]
	(No symbol) [0x0012BEC3]
	(No symbol) [0x0016FD86]
	(No symbol) [0x0016FFCB]
	(No symbol) [0x001AD952]
	(No symbol) [0x00191F44]
	(No symbol) [0x001AB51E]
	(No symbol) [0x00191C96]
	(No symbol) [0x00163FAC]
	(No symbol) [0x00164F3D]
	GetHandleVerifier [0x005B5613+3113811]
	GetHandleVerifier [0x005CA2DA+3199002]
	GetHandleVerifier [0x005C2AB2+3168242]
	GetHandleVerifier [0x00363310+680016]
	(No symbol) [0x002557ED]
	(No symbol) [0x00252A98]
	(No symbol) [0x00252C35]
	(No symbol) [0x00245890]
	BaseThreadInitThunk [0x7684FCC9+25]
	RtlGetAppContainerNamedObjectPath [0x7777809E+286]
	RtlGetAppContainerNamedObjectPath [0x7777806E+238]
	(No symbol) [0x00000000]
","https://www.plotek.pl/plotek/13,154581,23609,myslisz-ze-znasz-prawdziwe-imiona-gwiazd-ten-quiz-cie.html"
"Dobrze podpisaliśmy tych polskich aktorów? Rozwiąż quiz, zawalcz o 12/12",yapping,"Error scraping URL: Message: no such element: Unable to locate element: {""method"":""css selector"",""selector"":""[id=""gazeta_article_body""]""}
  (Session info: chrome=131.0.6778.140); For documentation on this error, please visit: https://www.selenium.dev/documentation/webdriver/troubleshooting/errors#no-such-element-exception
Stacktrace:
	GetHandleVerifier [0x002C34A3+25059]
	(No symbol) [0x0024CEA4]
	(No symbol) [0x0012BEC3]
	(No symbol) [0x0016FD86]
	(No symbol) [0x0016FFCB]
	(No symbol) [0x001AD952]
	(No symbol) [0x00191F44]
	(No symbol) [0x001AB51E]
	(No symbol) [0x00191C96]
	(No symbol) [0x00163FAC]
	(No symbol) [0x00164F3D]
	GetHandleVerifier [0x005B5613+3113811]
	GetHandleVerifier [0x005CA2DA+3199002]
	GetHandleVerifier [0x005C2AB2+3168242]
	GetHandleVerifier [0x00363310+680016]
	(No symbol) [0x002557ED]
	(No symbol) [0x00252A98]
	(No symbol) [0x00252C35]
	(No symbol) [0x00245890]
	BaseThreadInitThunk [0x7684FCC9+25]
	RtlGetAppContainerNamedObjectPath [0x7777809E+286]
	RtlGetAppContainerNamedObjectPath [0x7777806E+238]
	(No symbol) [0x00000000]
","https://www.plotek.pl/plotek/13,154581,21440,polscy-aktorzy-na-zdjeciach-dobrze-ich-podpisalismy-rozwiaz.html"
Dopasujesz reżysera do filmu? 11/11 tylko dla prawdziwych fanów kina,yapping,"Error scraping URL: Message: no such element: Unable to locate element: {""method"":""css selector"",""selector"":""[id=""gazeta_article_body""]""}
  (Session info: chrome=131.0.6778.140); For documentation on this error, please visit: https://www.selenium.dev/documentation/webdriver/troubleshooting/errors#no-such-element-exception
Stacktrace:
	GetHandleVerifier [0x002C34A3+25059]
	(No symbol) [0x0024CEA4]
	(No symbol) [0x0012BEC3]
	(No symbol) [0x0016FD86]
	(No symbol) [0x0016FFCB]
	(No symbol) [0x001AD952]
	(No symbol) [0x00191F44]
	(No symbol) [0x001AB51E]
	(No symbol) [0x00191C96]
	(No symbol) [0x00163FAC]
	(No symbol) [0x00164F3D]
	GetHandleVerifier [0x005B5613+3113811]
	GetHandleVerifier [0x005CA2DA+3199002]
	GetHandleVerifier [0x005C2AB2+3168242]
	GetHandleVerifier [0x00363310+680016]
	(No symbol) [0x002557ED]
	(No symbol) [0x00252A98]
	(No symbol) [0x00252C35]
	(No symbol) [0x00245890]
	BaseThreadInitThunk [0x7684FCC9+25]
	RtlGetAppContainerNamedObjectPath [0x7777809E+286]
	RtlGetAppContainerNamedObjectPath [0x7777806E+238]
	(No symbol) [0x00000000]
","https://www.plotek.pl/plotek/13,154581,23568,dopasujesz-rezysera-do-filmu-w-tym-quizie-komplet-punktow.html"
Quiz wiedzy o polskich serialach. Komplet punktów zdobędą prawdziwi fani,yapping,"Error scraping URL: Message: no such element: Unable to locate element: {""method"":""css selector"",""selector"":""[id=""gazeta_article_body""]""}
  (Session info: chrome=131.0.6778.140); For documentation on this error, please visit: https://www.selenium.dev/documentation/webdriver/troubleshooting/errors#no-such-element-exception
Stacktrace:
	GetHandleVerifier [0x002C34A3+25059]
	(No symbol) [0x0024CEA4]
	(No symbol) [0x0012BEC3]
	(No symbol) [0x0016FD86]
	(No symbol) [0x0016FFCB]
	(No symbol) [0x001AD952]
	(No symbol) [0x00191F44]
	(No symbol) [0x001AB51E]
	(No symbol) [0x00191C96]
	(No symbol) [0x00163FAC]
	(No symbol) [0x00164F3D]
	GetHandleVerifier [0x005B5613+3113811]
	GetHandleVerifier [0x005CA2DA+3199002]
	GetHandleVerifier [0x005C2AB2+3168242]
	GetHandleVerifier [0x00363310+680016]
	(No symbol) [0x002557ED]
	(No symbol) [0x00252A98]
	(No symbol) [0x00252C35]
	(No symbol) [0x00245890]
	BaseThreadInitThunk [0x7684FCC9+25]
	RtlGetAppContainerNamedObjectPath [0x7777809E+286]
	RtlGetAppContainerNamedObjectPath [0x7777806E+238]
	(No symbol) [0x00000000]
","https://www.plotek.pl/plotek/13,154581,23541,quiz-wiedzy-o-polskich-serialach-komplet-punktow-zdobeda.html"
"Wiesz, czym są fiszbiny? Rozwiąż quiz i sprawdź swoją wiedzę o modzie",yapping,"Error scraping URL: Message: no such element: Unable to locate element: {""method"":""css selector"",""selector"":""[id=""gazeta_article_body""]""}
  (Session info: chrome=131.0.6778.140); For documentation on this error, please visit: https://www.selenium.dev/documentation/webdriver/troubleshooting/errors#no-such-element-exception
Stacktrace:
	GetHandleVerifier [0x002C34A3+25059]
	(No symbol) [0x0024CEA4]
	(No symbol) [0x0012BEC3]
	(No symbol) [0x0016FD86]
	(No symbol) [0x0016FFCB]
	(No symbol) [0x001AD952]
	(No symbol) [0x00191F44]
	(No symbol) [0x001AB51E]
	(No symbol) [0x00191C96]
	(No symbol) [0x00163FAC]
	(No symbol) [0x00164F3D]
	GetHandleVerifier [0x005B5613+3113811]
	GetHandleVerifier [0x005CA2DA+3199002]
	GetHandleVerifier [0x005C2AB2+3168242]
	GetHandleVerifier [0x00363310+680016]
	(No symbol) [0x002557ED]
	(No symbol) [0x00252A98]
	(No symbol) [0x00252C35]
	(No symbol) [0x00245890]
	BaseThreadInitThunk [0x7684FCC9+25]
	RtlGetAppContainerNamedObjectPath [0x7777809E+286]
	RtlGetAppContainerNamedObjectPath [0x7777806E+238]
	(No symbol) [0x00000000]
","https://www.plotek.pl/plotek/13,154581,23506,fiszbiny-poszetki-butonierki-wiesz-czym-sa-rozwiaz-quiz-i.html"
Quiz tylko dla prawdziwych fanów serialu 'Klan'. Młodzież jest bez szans,yapping,"Error scraping URL: Message: no such element: Unable to locate element: {""method"":""css selector"",""selector"":""[id=""gazeta_article_body""]""}
  (Session info: chrome=131.0.6778.140); For documentation on this error, please visit: https://www.selenium.dev/documentation/webdriver/troubleshooting/errors#no-such-element-exception
Stacktrace:
	GetHandleVerifier [0x002C34A3+25059]
	(No symbol) [0x0024CEA4]
	(No symbol) [0x0012BEC3]
	(No symbol) [0x0016FD86]
	(No symbol) [0x0016FFCB]
	(No symbol) [0x001AD952]
	(No symbol) [0x00191F44]
	(No symbol) [0x001AB51E]
	(No symbol) [0x00191C96]
	(No symbol) [0x00163FAC]
	(No symbol) [0x00164F3D]
	GetHandleVerifier [0x005B5613+3113811]
	GetHandleVerifier [0x005CA2DA+3199002]
	GetHandleVerifier [0x005C2AB2+3168242]
	GetHandleVerifier [0x00363310+680016]
	(No symbol) [0x002557ED]
	(No symbol) [0x00252A98]
	(No symbol) [0x00252C35]
	(No symbol) [0x00245890]
	BaseThreadInitThunk [0x7684FCC9+25]
	RtlGetAppContainerNamedObjectPath [0x7777809E+286]
	RtlGetAppContainerNamedObjectPath [0x7777806E+238]
	(No symbol) [0x00000000]
","https://www.plotek.pl/plotek/13,154581,23505,quiz-tylko-dla-prawdziwych-milosnikow-seriali-10-13-to.html"
"Jesteś fanem polskiego kina? Sprawdź, czy rozpoznasz filmowe cytaty",yapping,"Error scraping URL: Message: no such element: Unable to locate element: {""method"":""css selector"",""selector"":""[id=""gazeta_article_body""]""}
  (Session info: chrome=131.0.6778.140); For documentation on this error, please visit: https://www.selenium.dev/documentation/webdriver/troubleshooting/errors#no-such-element-exception
Stacktrace:
	GetHandleVerifier [0x002C34A3+25059]
	(No symbol) [0x0024CEA4]
	(No symbol) [0x0012BEC3]
	(No symbol) [0x0016FD86]
	(No symbol) [0x0016FFCB]
	(No symbol) [0x001AD952]
	(No symbol) [0x00191F44]
	(No symbol) [0x001AB51E]
	(No symbol) [0x00191C96]
	(No symbol) [0x00163FAC]
	(No symbol) [0x00164F3D]
	GetHandleVerifier [0x005B5613+3113811]
	GetHandleVerifier [0x005CA2DA+3199002]
	GetHandleVerifier [0x005C2AB2+3168242]
	GetHandleVerifier [0x00363310+680016]
	(No symbol) [0x002557ED]
	(No symbol) [0x00252A98]
	(No symbol) [0x00252C35]
	(No symbol) [0x00245890]
	BaseThreadInitThunk [0x7684FCC9+25]
	RtlGetAppContainerNamedObjectPath [0x7777809E+286]
	RtlGetAppContainerNamedObjectPath [0x7777806E+238]
	(No symbol) [0x00000000]
","https://www.plotek.pl/plotek/13,154581,23460,jestes-fanem-polskiego-kina-komplet-punktow-w-tym-quizie-to.html"
Rozpoznasz te polskie aktorki na zdjęciach? Zgarnij tutaj okrągłe 12/12!,yapping,"Error scraping URL: Message: no such element: Unable to locate element: {""method"":""css selector"",""selector"":""[id=""gazeta_article_body""]""}
  (Session info: chrome=131.0.6778.140); For documentation on this error, please visit: https://www.selenium.dev/documentation/webdriver/troubleshooting/errors#no-such-element-exception
Stacktrace:
	GetHandleVerifier [0x002C34A3+25059]
	(No symbol) [0x0024CEA4]
	(No symbol) [0x0012BEC3]
	(No symbol) [0x0016FD86]
	(No symbol) [0x0016FFCB]
	(No symbol) [0x001AD952]
	(No symbol) [0x00191F44]
	(No symbol) [0x001AB51E]
	(No symbol) [0x00191C96]
	(No symbol) [0x00163FAC]
	(No symbol) [0x00164F3D]
	GetHandleVerifier [0x005B5613+3113811]
	GetHandleVerifier [0x005CA2DA+3199002]
	GetHandleVerifier [0x005C2AB2+3168242]
	GetHandleVerifier [0x00363310+680016]
	(No symbol) [0x002557ED]
	(No symbol) [0x00252A98]
	(No symbol) [0x00252C35]
	(No symbol) [0x00245890]
	BaseThreadInitThunk [0x7684FCC9+25]
	RtlGetAppContainerNamedObjectPath [0x7777809E+286]
	RtlGetAppContainerNamedObjectPath [0x7777806E+238]
	(No symbol) [0x00000000]
","https://www.plotek.pl/plotek/13,154581,21300,czy-uda-ci-sie-rozpoznac-te-polskie-aktorki-na-zdjeciach.html"
Rozpoznasz tych prezenterów telewizyjnych na zdjęciach? Sprawdź się!,yapping,"Error scraping URL: Message: no such element: Unable to locate element: {""method"":""css selector"",""selector"":""[id=""gazeta_article_body""]""}
  (Session info: chrome=131.0.6778.140); For documentation on this error, please visit: https://www.selenium.dev/documentation/webdriver/troubleshooting/errors#no-such-element-exception
Stacktrace:
	GetHandleVerifier [0x002C34A3+25059]
	(No symbol) [0x0024CEA4]
	(No symbol) [0x0012BEC3]
	(No symbol) [0x0016FD86]
	(No symbol) [0x0016FFCB]
	(No symbol) [0x001AD952]
	(No symbol) [0x00191F44]
	(No symbol) [0x001AB51E]
	(No symbol) [0x00191C96]
	(No symbol) [0x00163FAC]
	(No symbol) [0x00164F3D]
	GetHandleVerifier [0x005B5613+3113811]
	GetHandleVerifier [0x005CA2DA+3199002]
	GetHandleVerifier [0x005C2AB2+3168242]
	GetHandleVerifier [0x00363310+680016]
	(No symbol) [0x002557ED]
	(No symbol) [0x00252A98]
	(No symbol) [0x00252C35]
	(No symbol) [0x00245890]
	BaseThreadInitThunk [0x7684FCC9+25]
	RtlGetAppContainerNamedObjectPath [0x7777809E+286]
	RtlGetAppContainerNamedObjectPath [0x7777806E+238]
	(No symbol) [0x00000000]
","https://www.plotek.pl/plotek/13,154581,20874,to-quiz-o-prezenterach-telewizyjnych-zadanie-nie-jest.html"
"W tym quizie musisz rozpoznać twarze aktorów. Uważaj, nie będzie łatwo",yapping,"Error scraping URL: Message: no such element: Unable to locate element: {""method"":""css selector"",""selector"":""[id=""gazeta_article_body""]""}
  (Session info: chrome=131.0.6778.140); For documentation on this error, please visit: https://www.selenium.dev/documentation/webdriver/troubleshooting/errors#no-such-element-exception
Stacktrace:
	GetHandleVerifier [0x002C34A3+25059]
	(No symbol) [0x0024CEA4]
	(No symbol) [0x0012BEC3]
	(No symbol) [0x0016FD86]
	(No symbol) [0x0016FFCB]
	(No symbol) [0x001AD952]
	(No symbol) [0x00191F44]
	(No symbol) [0x001AB51E]
	(No symbol) [0x00191C96]
	(No symbol) [0x00163FAC]
	(No symbol) [0x00164F3D]
	GetHandleVerifier [0x005B5613+3113811]
	GetHandleVerifier [0x005CA2DA+3199002]
	GetHandleVerifier [0x005C2AB2+3168242]
	GetHandleVerifier [0x00363310+680016]
	(No symbol) [0x002557ED]
	(No symbol) [0x00252A98]
	(No symbol) [0x00252C35]
	(No symbol) [0x00245890]
	BaseThreadInitThunk [0x7684FCC9+25]
	RtlGetAppContainerNamedObjectPath [0x7777809E+286]
	RtlGetAppContainerNamedObjectPath [0x7777806E+238]
	(No symbol) [0x00000000]
","https://www.plotek.pl/plotek/13,154581,23394,pazura-kot-boberek-w-tym-quizie-musisz-rozpoznac-twarze.html"
"Doda ułożyła z nami pytania do tego quizu! Zobacz, czy sobie poradzisz",yapping,"Error scraping URL: Message: no such element: Unable to locate element: {""method"":""css selector"",""selector"":""[id=""gazeta_article_body""]""}
  (Session info: chrome=131.0.6778.140); For documentation on this error, please visit: https://www.selenium.dev/documentation/webdriver/troubleshooting/errors#no-such-element-exception
Stacktrace:
	GetHandleVerifier [0x002C34A3+25059]
	(No symbol) [0x0024CEA4]
	(No symbol) [0x0012BEC3]
	(No symbol) [0x0016FD86]
	(No symbol) [0x0016FFCB]
	(No symbol) [0x001AD952]
	(No symbol) [0x00191F44]
	(No symbol) [0x001AB51E]
	(No symbol) [0x00191C96]
	(No symbol) [0x00163FAC]
	(No symbol) [0x00164F3D]
	GetHandleVerifier [0x005B5613+3113811]
	GetHandleVerifier [0x005CA2DA+3199002]
	GetHandleVerifier [0x005C2AB2+3168242]
	GetHandleVerifier [0x00363310+680016]
	(No symbol) [0x002557ED]
	(No symbol) [0x00252A98]
	(No symbol) [0x00252C35]
	(No symbol) [0x00245890]
	BaseThreadInitThunk [0x7684FCC9+25]
	RtlGetAppContainerNamedObjectPath [0x7777809E+286]
	RtlGetAppContainerNamedObjectPath [0x7777806E+238]
	(No symbol) [0x00000000]
","https://www.plotek.pl/plotek/13,154581,7643,doda-ulozyla-z-nami-pytania-do-tego-quizu-zobacz-czy-sobie.html"
"Kogo nazywamy 'królem rock'n'rolla'? Wiesz? Super, masz już jeden punkt",yapping,"Error scraping URL: Message: no such element: Unable to locate element: {""method"":""css selector"",""selector"":""[id=""gazeta_article_body""]""}
  (Session info: chrome=131.0.6778.140); For documentation on this error, please visit: https://www.selenium.dev/documentation/webdriver/troubleshooting/errors#no-such-element-exception
Stacktrace:
	GetHandleVerifier [0x002C34A3+25059]
	(No symbol) [0x0024CEA4]
	(No symbol) [0x0012BEC3]
	(No symbol) [0x0016FD86]
	(No symbol) [0x0016FFCB]
	(No symbol) [0x001AD952]
	(No symbol) [0x00191F44]
	(No symbol) [0x001AB51E]
	(No symbol) [0x00191C96]
	(No symbol) [0x00163FAC]
	(No symbol) [0x00164F3D]
	GetHandleVerifier [0x005B5613+3113811]
	GetHandleVerifier [0x005CA2DA+3199002]
	GetHandleVerifier [0x005C2AB2+3168242]
	GetHandleVerifier [0x00363310+680016]
	(No symbol) [0x002557ED]
	(No symbol) [0x00252A98]
	(No symbol) [0x00252C35]
	(No symbol) [0x00245890]
	BaseThreadInitThunk [0x7684FCC9+25]
	RtlGetAppContainerNamedObjectPath [0x7777809E+286]
	RtlGetAppContainerNamedObjectPath [0x7777806E+238]
	(No symbol) [0x00000000]
","https://www.plotek.pl/plotek/13,154581,6992,najslynniejsi-ludzie-w-historii-rozpoznasz-ich-po-przydomku.html"
"To dzieło Mickiewicza czy piosenka disco polo? Myślisz, że odróżnisz?",yapping,"Error scraping URL: Message: no such element: Unable to locate element: {""method"":""css selector"",""selector"":""[id=""gazeta_article_body""]""}
  (Session info: chrome=131.0.6778.140); For documentation on this error, please visit: https://www.selenium.dev/documentation/webdriver/troubleshooting/errors#no-such-element-exception
Stacktrace:
	GetHandleVerifier [0x002C34A3+25059]
	(No symbol) [0x0024CEA4]
	(No symbol) [0x0012BEC3]
	(No symbol) [0x0016FD86]
	(No symbol) [0x0016FFCB]
	(No symbol) [0x001AD952]
	(No symbol) [0x00191F44]
	(No symbol) [0x001AB51E]
	(No symbol) [0x00191C96]
	(No symbol) [0x00163FAC]
	(No symbol) [0x00164F3D]
	GetHandleVerifier [0x005B5613+3113811]
	GetHandleVerifier [0x005CA2DA+3199002]
	GetHandleVerifier [0x005C2AB2+3168242]
	GetHandleVerifier [0x00363310+680016]
	(No symbol) [0x002557ED]
	(No symbol) [0x00252A98]
	(No symbol) [0x00252C35]
	(No symbol) [0x00245890]
	BaseThreadInitThunk [0x7684FCC9+25]
	RtlGetAppContainerNamedObjectPath [0x7777809E+286]
	RtlGetAppContainerNamedObjectPath [0x7777806E+238]
	(No symbol) [0x00000000]
","https://www.plotek.pl/plotek/13,154581,7115,to-dzielo-mickiewicza-czy-piosenka-disco-polo-myslisz-ze.html"
"Ten quiz zweryfikuje, jak dobrze znasz programy rozrywkowe z lat 90.",yapping,"Error scraping URL: Message: no such element: Unable to locate element: {""method"":""css selector"",""selector"":""[id=""gazeta_article_body""]""}
  (Session info: chrome=131.0.6778.140); For documentation on this error, please visit: https://www.selenium.dev/documentation/webdriver/troubleshooting/errors#no-such-element-exception
Stacktrace:
	GetHandleVerifier [0x002C34A3+25059]
	(No symbol) [0x0024CEA4]
	(No symbol) [0x0012BEC3]
	(No symbol) [0x0016FD86]
	(No symbol) [0x0016FFCB]
	(No symbol) [0x001AD952]
	(No symbol) [0x00191F44]
	(No symbol) [0x001AB51E]
	(No symbol) [0x00191C96]
	(No symbol) [0x00163FAC]
	(No symbol) [0x00164F3D]
	GetHandleVerifier [0x005B5613+3113811]
	GetHandleVerifier [0x005CA2DA+3199002]
	GetHandleVerifier [0x005C2AB2+3168242]
	GetHandleVerifier [0x00363310+680016]
	(No symbol) [0x002557ED]
	(No symbol) [0x00252A98]
	(No symbol) [0x00252C35]
	(No symbol) [0x00245890]
	BaseThreadInitThunk [0x7684FCC9+25]
	RtlGetAppContainerNamedObjectPath [0x7777809E+286]
	RtlGetAppContainerNamedObjectPath [0x7777806E+238]
	(No symbol) [0x00000000]
","https://www.plotek.pl/plotek/13,154581,12399,programy-rozrywkowe-z-lat-90-pamietasz-je-jeszcze.html"
Agata Sawicka znów wprowadziła się do Wojtka. 'Robię krok w tył',yapping,"Wojtek Sawicki zmaga się z dystrofią mięśniową Duchenne'a. Od lat prowadzi konto na Instagramie Life on Wheelz, gdzie dzieli się swoją codziennością. W 2022 roku wziął ślub z Agatą, która była dla n","https://www.plotek.pl/plotek/7,154063,31547626,agata-sawicka-znow-wprowadzila-sie-do-wojtka-wszystko-przez.html"
Sekielski o alkoholizmie. Mówi o sprzątaniu rzygowin i 'praniu zafajdanych majtek',yapping,Marek Sekielski jest producentem telewizyjnym. Razem z Tomaszem Sekielskim zrealizował takie głośne produkcje dokumentalne jak Tylko nie mów nikomu oraz Zabawa w chowanego. 46-latek kilka lat temu,"https://www.plotek.pl/plotek/7,154063,31547606,marek-sekielski-o-alkoholizmie-mowi-o-sprzataniu-rzygowin-i.html"
"Viki Gabor kocha sztuczne rzęsy. Pokazała się bez nich, a fani oniemieli",yapping,"Viki Gabor dała się poznać jako jedna z najbardziej rozpoznawalnych gwiazd młodego pokolenia w Polsce. Wszystko za sprawą popularnego programu TVP The Voice Kids, a także Eurowizji Junior, którą wyg","https://www.plotek.pl/plotek/7,154063,31546929,viki-gabor-nie-pokazuje-sie-bez-sztucznych-rzes-jak-wyglada.html"
Smaszcz nadała synowi Hakiela uroczy pseudonim. Tak go określiła [PLOTEK EXCLUSIVE],yapping,"Marcin Hakiel niedawno doczekał się trzeciego dziecka. Tancerz od dłuższego czasu związany jest z Dominiką Serowską, a w maju ogłosili, że spodziewają się pierwszego wspólnego dziecka. Syn pary przysz","https://www.plotek.pl/plotek/7,154063,31546915,paulina-smaszcz-o-synu-marcina-hakiela-i-dominiki-serowskiej.html"
Wojciech Jagielski zniknął z telewizji i poszedł do 'zwykłej' pracy. Narzeka na zarobki,yapping,Wojciech Jagielski swego czasu był jedną z popularniejszych osobowości medialnych w Polsce. Pod koniec lat 90. był gospodarzem cieszącego się dużą oglądalnością talk-show zatytułowanego Wieczór z Wam,"https://www.plotek.pl/plotek/7,154063,31547498,wojciech-jagielski-jakis-czas-temu-zniknal-z-telewizji-dzis.html"
Michalczewski pochwalił się jedyną córką. Ma trzech starszych braci i nosi rzadkie imię,yapping,"Dariusz Michalczewski to nie tylko spełniony pięściarz z sukcesami, ale i ojciec czwórki dzieci. Sportowiec ma trzech synów - Michała, Nicolasa oraz Dariusza, a także jedną córkę. Dziewczynka dostała","https://www.plotek.pl/plotek/7,154063,31546882,michalczewski-pochwalil-sie-jedyna-corka-ma-trzech-starszych.html"
Ukochana Hakiela pokazała twarz syna. W końcu znamy też imię!,yapping,"Marcin Hakiel i Dominika Serowska 4 grudnia poinformowali na Instagramie, że ich syn jest już na świecie. Fani pary bardzo czekali na ten dzień, a gdy do mediów społecznościowych trafiło pierwsze zdję","https://www.plotek.pl/plotek/7,154063,31547311,ukochana-hakiela-pokazala-twarz-syna-w-koncu-znamy-tez-imie.html"
"Doda bryluje na evencie. Nogi do nieba, a tak długich włosów chyba jeszcze nie miała",yapping,"Doda już od jakiegoś czasu nie skupia się wyłącznie na muzyce i koncertowaniu. Nie tak dawno głośno było o jej udziale w dwóch programach Polsatu, a oprócz tego gwiazda stworzyła również własną markę.","https://www.plotek.pl/plotek/7,154063,31547126,doda-bryluje-na-evencie-nogi-do-nieba-a-te-fryzure-zapamietamy.html"
Awantura na spotkaniu z Trzaskowskim. Politykowi puściły nerwy,yapping,23 listopada Rafał Trzaskowski został ogłoszony kandydatem na prezydenta z ramienia KO. Polityk nie marnuje czasu i rozpoczął już kampanię wyborczą. Trzaskowski jeździ po Polsce i spotyka się z mieszk,"https://www.plotek.pl/plotek/7,154063,31547213,awantura-na-spotkaniu-z-trzaskowskim-politykowi-puscily-nerwy.html"
Maciej Stuhr wyznał prawdę o chorobie ojca. 'To będzie brutalne i nie na miejscu',yapping,"Jerzy Stuhr zmarł 9 lipca tego roku. Aktor przez długi czas poważnie chorował, jednak niemal do końca był aktywny zawodowo. Stuhr grał m.in. w spektaklu Geniusz w Teatrze Polonia, a niespełna dwa ty","https://www.plotek.pl/plotek/7,154063,31547056,maciej-stuhr-wyznal-prawde-o-ojcu-to-bedzie-brutalne-co-powiem.html"
"Schreiber nie mogła tego przemilczeć. Mówi, co widziała u Kaczorowskiej w programie",yapping,"Marianna Schreiber i Agnieszka Kaczorowska są uczestniczkami drugiej edycji Królowej przetrwania. Wiele wskazuje na to, że w dżungli panie nie znalazły wspólnego języka. W niedawnej rozmowie z Plotk","https://www.plotek.pl/plotek/7,154063,31546974,schreiber-przerwala-milczenie-dosadnie-odpowiedziala-kaczorowskiej.html"
Kaczorowska o przyjaźni z eks. To mówi sporo o jej relacji z Pelą [PLOTEK EXCLUSIVE],yapping,"Niedawno w mediach zrobiło się głośno na temat rozstania Agnieszki Kaczorowskiej i Macieja Peli. Początkowo jedynie spekulowano, że ich relacja się rozpada. Co więcej, żadna ze stron nie chciała komen","https://www.plotek.pl/plotek/7,154063,31546783,kaczorowska-boi-sie-ze-karma-do-niej-wroci-to-nie-do-konca.html"
Była żona Ibisza wygadała się o rozwodzie i relacji z nową żoną prezentera. Wspomniała o córce,yapping,"Niedawno Krzysztof Ibisz został ojcem. Wśród gratulujących znalazła się wówczas Anna Nowak-Ibisz, z którą prezenter ma 18-letniego syna Vincenta. Teraz była żona gwiazdora pojawiła się w halo tu Pols","https://www.plotek.pl/plotek/7,154063,31546594,byla-zona-ibisza-zdradza-czy-poznala-juz-jego-nowa-corke-zaskakujace.html"
Ten wywiad Królikowskiego to hit. Zapytali go o córkę i zonk,yapping,"Antoni Królikowski dał się poznać jako aktor. Głośno zrobiło się również o jego konflikcie z byłą partnerką Joanna Opozdą. Nieustanne przepychanki słowne miały miejsce nie tylko w sieci, ale również w","https://www.plotek.pl/plotek/7,154063,31546541,ten-wywiad-krolikowskiego-to-hit-zapytali-go-o-corke-i-zonk.html"
Nosowska zaśpiewała przebój Martyniuka i się zaczęło. Armagedon w komentarzach to mało powiedziane,yapping,Z początkiem listopada Katarzyna Nosowska i Błażej Król rozpoczęli wspólną trasę Jenin-Piaseczno. W siedmiu miastach w Polsce muzyczna para ogrywa wydaną 20 września płytę Kasia i Błażej. Okazuje,"https://www.plotek.pl/plotek/7,154063,31546485,nosowska-zaspiewala-martyniuka-bezlitosne-komentarze-brak.html"
Ależ wyznanie! Jacek Poniedziałek o romansie ze znanym reżyserem. 'Skrzywdziłem go',yapping,"Jacek Poniedziałek dał się poznać jako znany aktor. Wystąpił w wielu produkcjach teatralnych i filmowych, a także telewizyjnych. Wielu widzów kojarzy go z serialu M jak miłość. W 2005 roku dokonał p","https://www.plotek.pl/plotek/7,154063,31546469,alez-wyznanie-jacek-poniedzialek-o-romansie-ze-znanym-rezyserem.html"
Sandra Kubicka jest w drugiej ciąży? W emocjonalnym nagraniu odsłoniła brzuch!,yapping,Sandra Kubicka i Alek Baron powitali na świecie syna w maju. Chłopiec urodził się przed planowanym terminem i pierwsze tygodnie życia spędził w szpitalu. Od momentu narodzin syna Kubicka jest w pełni,"https://www.plotek.pl/plotek/7,154063,31546349,sandra-kubicka-jest-w-drugiej-ciazy-odslonila-brzuch-i-wszystko.html"
Mroczna przeszłość Tomasza Jakubiaka. Uzależnienie od narkotyków to początek,yapping,"Tomasz Jakubiak zmaga się z nowotworem jelita cienkiego i dwunastnicy. Na początku grudnia kucharz wyleciał do Izraela, gdzie rozpoczął intensywne leczenie. Choć dziś żona prezentera Anastazja jest dl","https://www.plotek.pl/plotek/7,154063,31546362,mroczna-przeszlosc-tomasza-jakubiaka-uzaleznienie-od-narkotykow.html"
Co łączy brata Bodziannego z Manowską? Rolnik w końcu to powiedział,yapping,"Paweł Bodzianny zaliczył debiut na ekranie TVP w 2014 roku. Ta decyzja zmieniła jego życie - uczestnik nie tylko zdobył fanów w Polsce, ale i miłość. Bodzianny jest szczęśliwy z Martą Paszkin, z którą","https://www.plotek.pl/plotek/7,154063,31545843,pawel-z-rolnik-szuka-zony-o-romansie-brata-z-manowska-czuje.html"
Magdalena Stępień żałuje udziału w 'Królowej przetrwania'. Wspomniała o śmierci syna [PLOTEK EXCLUSIVE],yapping,"Kolejny sezon Królowej przetrwania zapowiada się naprawdę obiecująco. W nowej edycji pojawią się m.in. Paulina Smaszcz, Agnieszka Kaczorowska, Marianna Schreiber i Magdalena Stępień. Podczas konfere","https://www.plotek.pl/plotek/7,154063,31545610,magdalena-stepien-zaluje-udzialu-w-krolowej-przetrwania-wspomniala.html"
Mikołaj Krawczyk usłyszał wyrok ws. alimentów. Jest oświadczenie,yapping,Mikołaj Krawczyk od jakiegoś czasu toczył z Anetą Zając sądową batalię o alimenty na synów. Była partnerka zarzucała aktorowi uchylanie się od regulowania zobowiązań finansowych. W piątek 13 grudnia S,"https://www.plotek.pl/plotek/7,154063,31545552,mikolaj-krawczyk-uslyszal-wyrok-sadu-w-ruch-poszlo-oswiadczenie.html"
Śmierć Piotra Machalicy była wstrząsem. Trzy miesiące wcześniej wziął ślub,yapping,"Pierwszą żoną Piotra Machalicy była aktorka Małgorzata Machalica. Artysta doczekał się z nią dwójki dzieci, które obecnie są już po czterdziestce. Później aktor związał się z Edytą Olszówką. Ich związ","https://www.plotek.pl/plotek/7,154063,31545927,to-nie-edyta-olszowka-byla-jego-wielka-miloscia-piotr-machalica.html"
Tomasz Jakubiak ma takie wsparcie w Izraelu. Rozbrajające zdjęcie,yapping,"Tomasz Jakubiak jakiś czas temu poinformował fanów, że choruje na nowotwór. Juror MasterChefa jakiś czas temu prosił o wsparcie na leczenie, w które zaangażowali się również jego przyjaciele. Obecni","https://www.plotek.pl/plotek/7,154063,31545695,tomasz-jakubiak-i-jego-leczenie-w-izraelu-pokazal-na-zdjeciu.html"
Wiesław Nowobilski zapytany o transfer Darka Stolarza. Tego się nie spodziewaliśmy,yapping,"Dariusz Wardziak, szerzej znany jako Darek Stolarz przez lata był związany ze stacją TVN. Pełnił rolę eksperta przy wielu programach remontowych emitowanych przez stację. Zasłynął jednak głównie dzięk","https://www.plotek.pl/plotek/7,154063,31545634,darek-stolarz-wywolal-zamieszanie-w-polsacie.html"
Karolina Gilon podkreśliła ciążowe krągłości na ściance. Promienieje!,yapping,"Karolina Gilon to kolejna gwiazda, która już niebawem powita na świecie pierwsze dziecko. Niedawno celebrytka wygadała się na antenie Polsatu, że będzie to chłopiec. 14 grudnia w sobotni poranek prowa","https://www.plotek.pl/plotek/7,154063,31545640,karolina-gilon-podkreslila-ciazowe-kraglosci-na-sciance-promienieje.html"
Agata Rubik świętuje urodziny w Nowym Jorku. Jeździ na łyżwach i narzeka,yapping,"Agata i Piotr Rubikowie od jakiegoś czasu mieszkają w Miami, gdzie rozpoczęli zupełnie nowy etap w swoim życiu. Para sporadycznie przyjeżdża do Polski, bo obowiązki w Stanach Zjednoczonych pochłonęły","https://www.plotek.pl/plotek/7,154063,31545715,agata-rubik-wyskoczyla-do-nowego-jorku-nie-obeszlo-sie-bez.html"
Córka Gonery i Fraszyńskiej poszła w ich ślady. O jej dokonaniach było głośno na świecie,yapping,"Jolanta Fraszyńska i Robert Gonera byli małżeństwem zaledwie cztery lata. Gwiazda Na dobre i na złe wyznała w dawnym wywiadzie, że wówczas nie była gotowa na poważny związek. W 1990 urodziła córkę,","https://www.plotek.pl/plotek/7,154063,31545609,jolanta-fraszynska-i-robert-gonera-doczekali-sie-corki-wybrala.html"
Szykuje się afera. Kaczorowska przerywa milczenie na temat Schreiber [PLOTEK EXCLUSIVE],yapping,"Druga edycja Królowej przetrwania zbliża się wielkimi krokami. Już w styczniu poznamy perypetie najpopularniejszych obecnie kobiet w sieci. Już od dawna nie jest tajemnicą, że jedną z uczestniczek,","https://www.plotek.pl/plotek/7,154063,31545557,agnieszka-kaczorowska-miala-kose-ze-schreiber-jej-mina-mowi.html"
Dorota Szelągowska pokazała córkę. Totalna samowolka. Złapiecie się za głowę,yapping,"Dorota Szelągowska jest bardzo aktywna na swoich mediach społecznościowych. W ostatnim czasie projektantka zaczęła chętniej dzielić się nie tylko kulisami życia zawodowego, ale też prywatnością. Nieda","https://www.plotek.pl/plotek/7,154063,31545302,dorota-szelagowska-pokazala-corke-ma-charakterek.html"
Kaczorowska rozmawiała z dziećmi o rozstaniu. Wbiła szpilę Peli [PLOTEK EXCLUSIVE],yapping,Agnieszka Kaczorowska niedawno rozstała się z Maciejem Pelą. Od tamtej pory małżonkowie starają się dzielić opieką nad córkami. Nadchodzące święta to jednak nie lada wyzwanie logistyczne. W rozmowie z,"https://www.plotek.pl/plotek/7,154063,31545286,kaczorowska-o-swietach-bez-peli.html"
Schreiber zakończyła biały związek z Czarneckim? Po tym ruchu celebrytki zrobiło się gorąco!,yapping,"Marianna Schreiber nie schodzi ostatnio z medialnych nagłówków. Celebrytka niedawno przyznała, że spotyka się z Przemysławem Czarneckim, klubowym kolegą swojego (prawie byłego) męża. Zawodniczka MMA p","https://www.plotek.pl/plotek/7,154063,31545147,zdjecie-z-czarneckim-zniknelo-z-profilu-schreiber.html"
Wyluzowany Duda pochwalił się zdjęciem z prezentami. Patrzymy na smutną stylizację pierwszej damy,yapping,"Szlachetna Paczka to ogólnopolska akcja charytatywna, której celem jest pomoc rodzinom znajdującym się w trudnej sytuacji materialnej. Dzięki wsparciu darczyńców, każda z rodzin otrzymuje paczkę zawie","https://www.plotek.pl/plotek/7,154063,31545135,wyluzowany-andrzej-duda-pochwalil-sie-zdjeciem-z-prezentami.html"
Krzysztof Ibisz na antenie 'halo tu polsat' wygadał się o imieniu córki. Jest kłopot,yapping,"28 listopada media obiegła informacja o tym, że Krzysztof Ibisz został ojcem. Znany prezenter jest ojcem czwórki dzieci. Oprócz córki, której doczekał się z obecną małżonką Joanną Kudzbalską-Ibisz ma","https://www.plotek.pl/plotek/7,154063,31545079,krzysztof-ibisz-ujawnia-takie-imie-wybral-dla-corki.html"
Marianna Schreiber tłumaczy się z afery gaśnicowej. Będziecie w szoku [PLOTEK EXCLUSIVE],yapping,Marianna Schreiber jest jedną z uczestniczek nowego sezonu Królowej przetrwania. W piątek 13 grudnia celebrytka pojawiła się na konferencji prasowej programu. W rozmowie z reporterką Plotka celebryt,"https://www.plotek.pl/plotek/7,154063,31545047,marianna-schreiber-tlumaczy-afere-gasnicowa-nie-jestem-dumna.html"
Smaszcz o rozstaniu Kaczorowskiej i Peli. Wtem wypaliła o... zdradzie! Naprawdę to powiedziała [PLOTEK EXCLUSIVE],yapping,"Już niebawem na antenie TVN7 zadebiutuje drugi sezon Królowej przetrwania. W nadchodzącej odsłonie zobaczymy między innymi Mariannę Schreiber, Magdalenę Stępień i Agnieszkę Kaczorowską. Ku zaskoczen","https://www.plotek.pl/plotek/7,154063,31545001,smaszcz-podsumowala-kaczorowska-wiem-co-to-znaczy-byc-zdradzonym.html"
Janachowska bezlitosna dla 12-letniej córki Beyonce. Poszło o buty. 'Szkoda dziecka',yapping,"Obecność Beyonce, Jaya-Z i Blue Ivy Carter na premierze Króla Lwa wywołała z wielu względów sporo emocji. Nie milkną echa ostatnich oskarżeń wystosowanych przeciwko raperowi. Mąż Beyonce miał towarz","https://www.plotek.pl/plotek/7,154063,31544749,janachowska-bez-litosci-dla-12-letniej-corki-beyonce-poszlo.html"
Jurksztowicz i Dębski już po rozwodzie? Nowe doniesienia ws. wyroku sądu,yapping,"Anna Jurksztowicz i Krzesimir Dębski przez lata uchodzili w mediach za zgraną parę. Doczekali się dwójki dzieci.  Byli razem niemal cztery dekady, ale w 2021 roku okazało się, że nie są już razem. Po","https://www.plotek.pl/plotek/7,154063,31544784,anna-jurksztowicz-i-krzesimir-debski-sa-juz-po-rozwodzie-nowe.html"
Maryla Rodowicz wygadała się na temat syna. Żałuje jednego,yapping,"Maryla Rodowicz karierę zaczęła już pod koniec lat 60., a niedługo później stała się jedną z najsławniejszych gwiazd polskiej muzyki, rozpoznawalną także za granicą. Młoda piosenkarka w tamtych latach","https://www.plotek.pl/plotek/7,154063,31544802,maryla-rodowicz-wygadala-sie-o-synu-zaluje-jednego.html"
Katarzyna Sokołowska wzięła cichy ślub. Kreacja? Piękno tkwi w prostocie,yapping,"Katarzyna Sokołowska od lat związana jest z biznesmenem Arturem Kozieją, z którym wspólnie wychowują syna. Reżyserka pokazów mody i jurorka Top Model zdecydowała się na późne macierzyństwo. W jednym","https://www.plotek.pl/plotek/7,154063,31544842,katarzyna-sokolowska-wziela-cichy-slub-kreacja-piekno-tkwi.html"
"To jedzą goście na 'piernikowej imprezie' Lewej. Stoły się uginają, ale nie wszystko bez glutenu",yapping,"Anna Lewandowska na brak zajęć nie narzeka i wciąż kursuje pomiędzy Barceloną a Warszawą. Tym razem na chwilę zatrzymała się w Polsce, by wyprawić swoją słynną imprezę piernikową. Co roku zaprasza swo","https://www.plotek.pl/plotek/7,154063,31544639,to-jedza-goscie-na-slynnej-imprezie-u-lewej-suto-zastawione.html"
Pazura wygadał się na temat rodzinnego majątku. Jego dzieciom zrzednie mina,yapping,"Cezary Pazura kocha swoją żonę na zabój. Aktor w wielu wywiadach podkreślał, że Edyta odmieniła jego życie. To wyjątkowy człowiek. Że Bóg mi ją dał… Nie wiem, czy zasłużyłem. Dostałem ją na kredyt i","https://www.plotek.pl/plotek/7,154063,31544508,cezary-pazura-nie-zostawi-spadku-dzieciom-po-tych-slowach-zrzednie.html"
Martyniuk przerwał milczenie ws. konfliktu z synem. Nie pozostawił cienia wątpliwości,yapping,"Nie jest tajemnicą, że relacje w rodzinie Zenka Martyniuka są dość skomplikowane. Jakiś czas temu syn wokalisty disco polo zamieścił w sieci film, na którym zwrócił się do ojca. Padły wulgarne słowa.","https://www.plotek.pl/plotek/7,154063,31544327,zenek-martyniuk-chce-zakonczyc-konflikt-z-synem-zaskakujace.html"
Joanna Moro jest w związku z mężczyzną starszym o 11 lat. Na początku go spławiła,yapping,Poznali się w jednym z warszawskich teatrów. Zamiast na próbę etiudy poszłam z koleżanką ze szkoły teatralnej na przedstawienie. I tam spotkałam mamę Mirka (...) Wtedy w teatrze powiedziała mi: Joasi,"https://www.plotek.pl/plotek/7,154063,31544196,joanna-moro-jest-w-zwiazku-z-mezczyzna-starszym-o-11-lat-poczatki.html"
Spięcie między Kaczorowską i Hładkim. Aktorka po tym komentarzu nie wytrzymała,yapping,"13 grudnia odbyła się konferencja drugiej edycji programu Królowa przetrwania. W nowej odsłonie formatu wystąpiły m.in. Paulina Smaszcz, Agnieszka Kaczorowska, Marianna Schreiber oraz Natsu. Wszystk","https://www.plotek.pl/plotek/7,154063,31544111,nerwowa-atmosfera-na-konferencji-krolowej-przetrwania-kaczorowska.html"
"365 dni rządów Tuska. Minge czeka na cud, Korwin Piotrowska dobitnie o największym rozczarowaniu",yapping,"13 grudnia minął rok od zaprzysiężenia Donalda Tuska na premiera. Czy 365 dni pracy rządu wystarczyło, by spełnić chociaż część obietnic wyborczych? Różne źródła zlecają sondaże, by dowiedzieć się, cz","https://www.plotek.pl/plotek/7,154063,31544080,gwiazdy-oceniaja-rok-rzadow-tuska.html"
Otylia Jędrzejczak od lat żyje w 'rzymskim małżeństwie'. Powód zaskakuje,yapping,"Otylia Jędrzejczak nie należy raczej do osób, dla których ślub jest warunkiem koniecznym do osiągnięcia pełni szczęścia w związku. Była pływaczka od wielu lat tworzy z Pawłem Przybyłą tzw. rzymskie ma","https://www.plotek.pl/plotek/7,154063,31543974,otylia-jedrzejczak-od-lat-zyje-w-rzymskim-malzenstwie-powod.html"
Projektantka ujawnia sensacyjne kulisy współpracy z Agatą Dudą. Nie owija w bawełnę,yapping,Agata Duda od lat jest na świeczniku. Szczególną uwagę zwracają jej stylizacje podczas ważnych wydarzeń. W kwestii mody pierwsza dama zaufała projektantce Dorocie Goldpoint. Ich współpraca zaczęła się,"https://www.plotek.pl/plotek/7,154063,31543799,projektantka-ujawnia-kulisy-wspolpracy-z-agata-duda-taka-jest.html"
